OW蔼单k|チㄆx,A,J岸@kx,独db,2415
OW蔼单k|チㄆx,B,拷奎谍@kx,拦B颈,2417
OW蔼单k|チㄆx,d,dMs@kx,H薇蕹,2805
OW蔼单k|チㄆx,j,衾RX@kx,拷R,2455
OW蔼单k|チㄆx,l,┋地@kx,朝古ゅ,2412
OW蔼单k|チㄆx,v,撑い贾@kx,P,2474
OW蔼单k|チㄆx,ぁ,\A隆@kx,iQ,2454
OW蔼单k|チㄆx,く,L朝Q@kx,螽aS,2843
OW蔼单k|チㄆx,じ,Χ~_@kx,G箭,2835
OW蔼单k|チㄆx,そ,恨R┥@kx,x瞀|,2411
OW蔼单k|チㄆx,と,Gㄛ键@kx,腑瓣爱,2471
OW蔼单k|チㄆx,ば,\陋凇@kx,ヴタH,2441
OW蔼单k|チㄆx,ぱ,よll@kx,郭hX,2424
OW蔼单k|チㄆx,ら,舁|ㄘ@kx,尝az,2476
OW蔼单k|チㄆx,る,LR隆@kx,QQS,2863
OW蔼单k|チㄆx,,朝彻a@kx,Js,2802
OW蔼单k|チㄆx,f,Lド\@kx,Lq城,2811
OW蔼单k|チㄆx,キ,纯A鳌@kx,朝ㄎD,2405
OW蔼单k|チㄆx,コ,Pチ@kx,Bゅ],2449
OW蔼单k|チㄆx,ゼ,B__@kx,朝浃,2492
OW蔼单k|チㄆx,タ,法痴窜@kx,朝寨u,2427
OW蔼单k|チㄆx,ト,拷N底@kx,赋耙地,2461
OW蔼单k|チㄆx,ヒ,i  孽@kx,GRp,2446
OW蔼单k|チㄆx,ビ,xゅz@kx,ib,2440
OW蔼单k|チㄆx,ヨ,~彻@kx,GHR,2487
OW蔼单k|チㄆx,,BS底@kx,Lu,2473
OW蔼单k|チㄆx,a,朝ドЧ@kx,苦Hu,2488
OW蔼单k|チㄆx,t,独古P@kx,彻jI,2477
OW蔼单k|チㄆx,w,朝M┥@kx,L邾,2447
OW蔼单k|チㄆx,,QRS@kx,糕R],2389
OW蔼单k|チㄆx,У,R产@kx,E杭z,2481
OW蔼单k|チㄆx,Ш,独い@kx,蔼风g,2816
OW蔼单k|チㄆx,},醮DD@kx,霈Lq,2450
OW蔼单k|チㄆx,ǒ,袈{p@kx,拷i┚,2833
OW蔼单k|チㄆx,ò,朝@ド@kx,尝gП,2139
OW蔼单k|チㄆx,,Ps稻@kx,U醴,2812
OW蔼单k|チㄆx,M,┥恫@kx,吵,2467
OW蔼单k|チㄆx,P,d蓝浴@kx,Q嫉,2428
OW蔼单k|チㄆx,z,朝R狻@kx,~ネ,2485
OW蔼单k|チㄆx,┋,硷ih@kx,郭@姊,2402
OW蔼单k|チㄆx,┌,}褐l@kx,d鳕,2489
OW蔼单k|チㄆx,┚,讲F酢@kx,郭るk,2437
OW蔼单k|チㄆx,,朝eタ@kx,缠L攫,2445
OW蔼单k|チㄆx,,独恫f@kx,臣za,2491
OW蔼单k|チㄆx,F,独\赫@kx,f诞,2464
OW蔼单k|チㄆx,k,朝R狻@kx,GRp,2446
OW蔼单k|チㄆx,,fQ隆@kx,炒穰,2834
OW蔼单k|チㄆx,H,村贬@kx,朝厂,2894
OW蔼单k|チㄆx,i,维LT@kx,彻jI,2477
OW蔼单k|チㄆx,,G虏@kx,醌褐,2443
OW蔼单k|チㄆx,P,屡ゅ不@kx,飕卢,2401
OW蔼单k|チㄆx,x,j斗u@kx,独R,2457
OW蔼单k|チㄆx,,iQv@kx,朝真,2404
OW蔼单k|チㄆx,,朝z涤@kx,朝W,2861
OW蔼单k|チㄆx,L,苦q孽@kx,LQs,2431
OW蔼单k|チㄆx,,独产冻@kx,B,2677
OW蔼单k|チㄆx,,舻a@kx,拷钢o,2462
OW蔼单k|チㄆx,E,L获]@kx,法罟a,2470
OW蔼单k|チㄆx,u,吵ㄈ^@kx,虏蝴涤,2432
OW蔼单k|チㄆx,,P滴董@kx,讲y愀,2407
OW蔼单k|チㄆx,坝,谅ッ鳌@kx,W地,2425
OW蔼单k|チㄆx,G,苦A地@kx,朝辚,2414
OW蔼单k|チㄆx,d,灵阑瘛@kx,`Qz,2435
OW蔼单k|チㄆx,j,朝qs@kx,醍a庇,2413
OW蔼单k|チㄆx,薄,醢昙W@kx,缠醇惩,2438
OW蔼单k|チㄆx,M,独肝く@kx,尝l},2495
OW蔼单k|チㄆx,z,纯场邸@kx,ㄌ纤,2434
OW蔼单k|チㄆx,缠,默喹^@kx,d马,2838
OW蔼单k|チㄆx,q,^L狻@kx,朝贾[,2421
OW蔼单k|チㄆx,f,独棚邸@kx,酾板,2482
OW蔼单k|チㄆx,醇,拣す间@kx,霈Lq,2450
OW蔼单k|チㄆx,Q,SF@kx,咯筛,2458
OW蔼单k|チㄆx,抖,dCT@kx,B|m,2403
OW蔼单k|チㄆx,独,尝风孽@kx,朝贾[,2421
OW蔼单k|チㄆx,对,朝み@@kx,朝\,2479
OW蔼单k|チㄆx,G,醴飚S@kx,j宾,2813
OW蔼单k|チㄆx,R,\_@kx,钢[,2409
OW蔼单k|チㄆx,V,醴Of@kx,q狠,2460
OW蔼单k|チㄆx,q,酴M@kx,iУY,2138
OW蔼单k|チㄆx,s,ivゅ@kx,蔼坚,2118
OW蔼单k|チㄆx,放,LT省@kx,GQ,2465
OW蔼单k|チㄆx,`,傣ド@kx,L飒K,2800
OW蔼单k|チㄆx,q,c郐p@kx,QQS,2863
OW蔼单k|チㄆx,港,\镜亍@kx,霈Lq,2450
OW蔼单k|チㄆx,D,L娄p@kx,R┥,2854
OW蔼单k|チㄆx,F,舸邯狻@kx,朝豕,2422
OW蔼单k|チㄆx,刮,蔼w@kx,尝鄣X,2429
OW蔼单k|チㄆx,~,法刀冻@kx,苦Hu,2488
OW蔼单k|チㄆx,弘,iRk@kx,飕卢,2401
OW蔼单k|チㄆx,稽,LA地@kx,酲尉,2484
OW蔼单k|チㄆx,w,\貉f@kx,皑ㄎ键,2468
OW蔼单k|チㄆx,H,朝懂隆@kx,硷jP,2801
OW蔼单k|チㄆx,辆,ッK@kx,开雩,2420
OW蔼单k|チㄆx,搂,酴剧@kx,iッい,2452
OW蔼单k|チㄆx,略,L鳔^@kx,L飒K,2800
OW蔼单k|Dㄆx,A,\vM@kx,蔼af,8080
OW蔼单k|Dㄆx,B,硷A撤@kx,朝摘,8325
OW蔼单k|Dㄆx,g,螳N@kx,d酃,8517
OW蔼单k|Dㄆx,l,d瞌弧@kx,撑瓣a,8136
OW蔼单k|Dㄆx,x,B关C@kx,BQ孽,8081
OW蔼单k|Dㄆx,ぁ,iッЩ@kx,酲潍,8246
OW蔼单k|Dㄆx,く,法ㄎ@kx,郭s,8121
OW蔼单k|Dㄆx,そ,IT丑@kx,Pる^,8085
OW蔼单k|Dㄆx,と,朝I@kx,腑鞯o,8087
OW蔼单k|Dㄆx,ば,朝舅肝@kx,讲RK,8134
OW蔼单k|Dㄆx,ぱ,缠裹@kx,默ㄎ藉,8124
OW蔼单k|Dㄆx,ゅ,酯m@kx,腑鞯o,8105
OW蔼单k|Dㄆx,ら,L宾狻@kx,郭路,8642
OW蔼单k|Dㄆx,る,跄R]@kx,朝vp,8130
OW蔼单k|Dㄆx,れ,独f庇@kx,讲F,8580
OW蔼单k|Dㄆx,,法醇秤@kx,谅qC,8555
OW蔼单k|Dㄆx,,纯Q地@kx,f准,8358
OW蔼单k|Dㄆx,,Lf柳@kx,奖┚砍,8587
OW蔼单k|Dㄆx,f,IT丑@kx,Pる^,8085
OW蔼单k|Dㄆx,キ,尝揣Q@kx,_港,8435
OW蔼单k|Dㄆx,ゼ,L恙N@kx,讲zS,8104
OW蔼单k|Dㄆx,タ,P栅濉@kx,BR,8642
OW蔼单k|Dㄆx,チ,谅Rz@kx,dRg,8129
OW蔼单k|Dㄆx,ト,朝p隆@kx,独К,8079
OW蔼单k|Dㄆx,ド,\K番@kx,iQ,8070
OW蔼单k|Dㄆx,ヒ,独残T@kx,独ゅ祸,8413
OW蔼单k|Dㄆx,ビ,朝N\@kx,朝币ゅ,8573
OW蔼单k|Dㄆx,ヨ,籀PL@kx,郭A产,8099
OW蔼单k|Dㄆx,a,Χ风S@kx,{Y┥,8491
OW蔼单k|Dㄆx,t,BよO@kx,Y骱a,8585
OW蔼单k|Dㄆx,w,\ò唷@kx,}哩[,8123
OW蔼单k|Dㄆx,Ζ,dwㄈ@kx,朝害z,8090
OW蔼单k|Dㄆx,,法в动@kx,J┥,8367
OW蔼单k|Dㄆx,У,Hg隆@kx,^_冯,8349
OW蔼单k|Dㄆx,},化\怼@kx,Lミf,8551
OW蔼单k|Dㄆx,ǒ,独揩q@kx,苦|g,8102
OW蔼单k|Dㄆx,ò,PFF@kx,朝R,8536
OW蔼单k|Dㄆx,,]fY@kx,硷ゅ藉,8117
OW蔼单k|Dㄆx,ㄓ,Ls印@kx,朝T岸,8371
OW蔼单k|Dㄆx,M,ШQ[@kx,谅ゅ城,8584
OW蔼单k|Dㄆx,z,GI啊@kx,独芒晶,8082
OW蔼单k|Dㄆx,┌,朝汀@kx,缠ㄎa,8086
OW蔼单k|Dㄆx,┕,x_醇@kx,朝R,8536
OW蔼单k|Dㄆx,┚,瓣瓷@kx,郭R浆,8584
OW蔼单k|Dㄆx,,踝ヴ@kx,朝~绰,8561
OW蔼单k|Dㄆx,,尝揣Q@kx,_港,8435
OW蔼单k|Dㄆx,k,H恫y@kx,虿Qz,8515
OW蔼单k|Dㄆx,v,螳Hy@kx,A箭,8084
OW蔼单k|Dㄆx,,苦üじ@kx,村ド,8115
OW蔼单k|Dㄆx,H,Jvh@kx,村q],8137
OW蔼单k|Dㄆx,i,朝岸@kx,x{袋,8586
OW蔼单k|Dㄆx,P,d碑邸@kx,B|g,8101
OW蔼单k|Dㄆx,,辩Щ酢@kx,d貉,8119
OW蔼单k|Dㄆx,,拷@鳌@kx,\TE,8529
OW蔼单k|Dㄆx,x,尝枯谩@kx,朝隽,8093
OW蔼单k|Dㄆx,,朝I@kx,腑鞯o,8087
OW蔼单k|Dㄆx,u,硷ネ@kx,^碌,8112
OW蔼单k|Dㄆx,G,dム@kx,L狮,8024
OW蔼单k|Dㄆx,d,放模方@kx,朝懂[,8071
OW蔼单k|Dㄆx,j,讲o@kx,dRg,8129
OW蔼单k|Dㄆx,M,朝wチ@kx,韦l@,8103
OW蔼单k|Dㄆx,不,PE@kx,谅撤,8092
OW蔼单k|Dㄆx,缠,L@ミ@kx,dド地,8108
OW蔼单k|Dㄆx,q,朝I@kx,腑鞯o,8087
OW蔼单k|Dㄆx,t,\醺邸@kx,纯茫z,8442
OW蔼单k|Dㄆx,H,尝枯谩@kx,朝隽,8139
OW蔼单k|Dㄆx,f,化ゅv@kx,郭A产,8099
OW蔼单k|Dㄆx,椿,i肚摺@kx,L咋,8591
OW蔼单k|Dㄆx,醇,\ゅ彻@kx,Sa缝,8088
OW蔼单k|Dㄆx,挡,默订f@kx,i~ゅ,8116
OW蔼单k|Dㄆx,到,舸@kx,奖Qg,8132
OW蔼单k|Dㄆx,Q,Hyネ@kx,馋ㄎ眷,8098
OW蔼单k|Dㄆx,i,纯w簟@kx,朝┥g,8394
OW蔼单k|Dㄆx,订,朝痴в@kx,ホ_,8589
OW蔼单k|Dㄆx,抖,Lsy@kx,BRz,8167
OW蔼单k|Dㄆx,独,朝iQ@kx,颞丕,8100
OW蔼单k|Dㄆx,对,法qM@kx,酩宄,8110
OW蔼单k|Dㄆx,G,独懂狻@kx,G懂お,8107
OW蔼单k|Dㄆx,R,跄R隆@kx,腑鞯o,8087
OW蔼单k|Dㄆx,V,筐いz@kx,GォC,8140
OW蔼单k|Dㄆx,q,辩模g@kx,朝ㄎL,8518
OW蔼单k|Dㄆx,s,朝[a@kx,}く伦,8514
OW蔼单k|Dㄆx,放,ifミ@kx,iQ,8070
OW蔼单k|Dㄆx,风,ホれ窜@kx,蔼af,8080
OW蔼单k|Dㄆx,q,朝@v@kx,讲zS,8104
OW蔼单k|Dㄆx,s,筐いz@kx,朝懂[,8121
OW蔼单k|Dㄆx,港,独吹岸@kx,郭uh,8023
OW蔼单k|Dㄆx,D,尝懂@kx,朝谬p,8114
OW蔼单k|Dㄆx,刮,朝K睢@kx,讲晶涤,8089
OW蔼单k|Dㄆx,圭,P栅濉@kx,BR,8480
OW蔼单k|Dㄆx,龟,朝刷t@kx,酲为,8185
OW蔼单k|Dㄆx,弘,^F彻@kx,Hg磕,8133
OW蔼单k|Dㄆx,稽,Lfl@kx,Hg磕,8133
OW蔼单k|Dㄆx,w,蔼ド迪@kx,苦┥Ф,
OW蔼单k|Dㄆx,驾,舂靖q@kx,Lみ├,8370
OW蔼单k|Dㄆx,w,G艋汀@kx,_港,8435
OW蔼单k|Dㄆx,辆,罂PT@kx,苦戈躺,8096
OW蔼单k|Dㄆx,搂,dQf@kx,d貉,8119
OW蔼单k|Dㄆx,虏,L煌タ@kx,_模ゅ,8131
OW蔼单k|Dㄆx,略,Z碌a@kx,醅Fx,8091
OW蔼单k|Dㄆx,琵,腑乃风@kx,默ㄎ藉,8124
